{
  "version": "7",
  "dialect": "mysql",
  "entries": [
    {
      "idx": 0,
      "version": "5",
      "when": 1764528696552,
      "tag": "0000_rich_nocturne",
      "breakpoints": true
    },
    {
      "idx": 1,
      "version": "5",
      "when": 1764528749507,
      "tag": "0001_perpetual_grey_gargoyle",
      "breakpoints": true
    },
    {
      "idx": 2,
      "version": "5",
      "when": 1764532245091,
      "tag": "0002_aspiring_susan_delgado",
      "breakpoints": true
    },
    {
      "idx": 3,
      "version": "5",
      "when": 1764545572610,
      "tag": "0003_open_jack_flag",
      "breakpoints": true
    },
    {
      "idx": 4,
      "version": "5",
      "when": 1764546567794,
      "tag": "0004_overjoyed_zombie",
      "breakpoints": true
    },
    {
      "idx": 5,
      "version": "5",
      "when": 1764547720002,
      "tag": "0005_hard_lethal_legion",
      "breakpoints": true
    },
    {
      "idx": 6,
      "version": "5",
      "when": 1764587605846,
      "tag": "0006_blue_sunfire",
      "breakpoints": true
    }
  ]
}